[
  {
    "id": 1,
    "name": "UAE Team Emirate",
    "displayName": "UAE TEAM EMIRATES XRG",
    "country": "🇦🇪",
    "jerseyPath": "/listeengages-package/listeengages/images/jerseys/emirates.png",
    "riders": [
      {
        "number": 11,
        "name": "Tadej Pogacar",
        "country": "🇸🇮"
      },
      {
        "number": 12,
        "name": "Brandon MCNULTY",
        "country": "🇺🇸"
      },
      {
        "number": 13,
        "name": "Jhonatan NARVAEZ",
        "country": "🇪🇨"
      },
      {
        "number": 14,
        "name": "Nils POLITT",
        "country": "🇩🇪"
      },
      {
        "number": 15,
        "name": "Pavel SIVAKOV",
        "country": "🇫🇷"
      },
      {
        "number": 16,
        "name": "Tim WELLENS",
        "country": "🇧🇪"
      },
      {
        "number": 17,
        "name": "Adam YATES",
        "country": "🇬🇧"
      }
    ]
  },
  {
    "id": 2,
    "name": "Lotto Dstny",
    "displayName": "LOTTO",
    "country": "🇧🇪",
    "jerseyPath": "/listeengages-package/listeengages/images/jerseys/lotto.png",
    "riders": [
      {
        "number": 181,
        "name": "DE LIE, Arnaud",
        "country": "🇧🇪"
      },
      {
        "number": 182,
        "name": "BERCKMOES, Jenno",
        "country": "🇧🇪"
      },
      {
        "number": 183,
        "name": "DRIZNERS, Jarrad",
        "country": "🇦🇺"
      },
      {
        "number": 184,
        "name": "GRIGNARD, Sébastien",
        "country": "🇧🇪"
      },
      {
        "number": 185,
        "name": "THOMPSON, Reuben",
        "country": "🇳🇿"
      },
      {
        "number": 186,
        "name": "CURRIE, Logan",
        "country": "🇳🇿"
      },
      {
        "number": 187,
        "name": "VANDENABEELE, Henri",
        "country": "🇧🇪"
      }
    ]
  },
  {
    "id": 3,
    "name": "Team Visma | Lease a Bike",
    "displayName": "TEAM VISMA | LEASE A BIKE",
    "country": "🇳🇱",
    "jerseyPath": "/listeengages-package/listeengages/images/jerseys/visma.png",
    "riders": [
      {
        "number": 21,
        "name": "VAN AERT, Wout",
        "country": "🇧🇪"
      },
      {
        "number": 22,
        "name": "BENOOT, Tiesj",
        "country": "🇧🇪"
      },
      {
        "number": 23,
        "name": "LAPORTE, Christophe",
        "country": "🇫🇷"
      },
      {
        "number": 24,
        "name": "NORDHAGEN, Jorgen",
        "country": "🇳🇴"
      },
      {
        "number": 25,
        "name": "VALTER, Attila",
        "country": "🇭🇺"
      },
      {
        "number": 26,
        "name": "YATES, Simon",
        "country": "🇬🇧"
      },
      {
        "number": 27,
        "name": "KRUIJSWIJK, Steven",
        "country": "🇳🇱"
      }
    ]
  },
  {
    "id": 4,
    "name": "INEOS Grenadiers",
    "displayName": "INEOS GRENADIERS",
    "country": "🇬🇧",
    "jerseyPath": "/listeengages-package/listeengages/images/jerseys/ineos.png",
    "riders": [
      {
        "number": 51,
        "name": "LAURANCE, Axel",
        "country": "🇫🇷"
      },
      {
        "number": 52,
        "name": "AUGUST, Andrew Jacob",
        "country": "🇺🇸"
      },
      {
        "number": 53,
        "name": "HAMILTON, Lucas",
        "country": "🇦🇺"
      },
      {
        "number": 54,
        "name": "LEONARD, Michael",
        "country": "🇨🇦"
      },
      {
        "number": 55,
        "name": "HANSEN, Peter Øxenberg",
        "country": "🇩🇰"
      },
      {
        "number": 56,
        "name": "PUCCIO, Salvatore",
        "country": "🇮🇹"
      },
      {
        "number": 57,
        "name": "SCHMIDT, Artem",
        "country": "🇺🇸"
      }
    ]
  },
  {
    "id": 5,
    "name": "Soudal Quick-Step",
    "displayName": "SOUDAL QUICK-STEP",
    "country": "🇧🇪",
    "jerseyPath": "/listeengages-package/listeengages/images/jerseys/soudal.png",
    "riders": [
      {
        "number": 41,
        "name": "CATTANEO, Mattia",
        "country": "🇮🇹"
      },
      {
        "number": 42,
        "name": "EENKHOORN, Pascal",
        "country": "🇳🇱"
      },
      {
        "number": 43,
        "name": "GELDERS, Gil",
        "country": "🇧🇪"
      },
      {
        "number": 44,
        "name": "HUBY, Antoine",
        "country": "🇫🇷"
      },
      {
        "number": 45,
        "name": "PARET-PEINTRE, Valentin",
        "country": "🇫🇷"
      },
      {
        "number": 46,
        "name": "LAMPERTI, Lucianno",
        "country": "🇺🇸"
      },
      {
        "number": 47,
        "name": "SERRY, Pieter",
        "country": "🇧🇪"
      }
    ]
  },
  {
    "id": 6,
    "name": "Lidl-Trek",
    "displayName": "LIDL-TREK",
    "country": "🇺🇸",
    "jerseyPath": "/listeengages-package/listeengages/images/jerseys/lidltrek.png",
    "riders": [
      {
        "number": 31,
        "name": "SIMMONS, Quinn",
        "country": "🇺🇸"
      },
      {
        "number": 32,
        "name": "LOPEZ PEREZ, Juan Pedro",
        "country": "🇪🇸"
      },
      {
        "number": 33,
        "name": "MOSCA, Jacopo",
        "country": "🇮🇹"
      },
      {
        "number": 34,
        "name": "NYS, Thibau",
        "country": "🇧🇪"
      },
      {
        "number": 35,
        "name": "OOMEN, Sam",
        "country": "🇳🇱"
      },
      {
        "number": 36,
        "name": "JENSEN, Mattias",
        "country": "🇩🇰"
      },
      {
        "number": 37,
        "name": "VERGAERDE, Otto",
        "country": "🇧🇪"
      }
    ]
  },
  {
    "id": 7,
    "name": "Decathlon AG2R La Mondiale Team",
    "displayName": "DECATHLON AG2R LA MONDIALE TEAM",
    "country": "🇫🇷",
    "jerseyPath": "/listeengages-package/listeengages/images/jerseys/decathlon.png",
    "riders": [
      {
        "number": 101,
        "name": "GODON, Dorian",
        "country": "🇫🇷"
      },
      {
        "number": 102,
        "name": "BERTHET, Clément",
        "country": "🇫🇷"
      },
      {
        "number": 103,
        "name": "DEWULF, Stan",
        "country": "🇧🇪"
      },
      {
        "number": 104,
        "name": "LAFAY, Victor",
        "country": "🇫🇷"
      },
      {
        "number": 105,
        "name": "LAPEIRA, Paul",
        "country": "🇫🇷"
      },
      {
        "number": 106,
        "name": "TRONCHON, Bastien",
        "country": "🇫🇷"
      },
      {
        "number": 107,
        "name": "GAUTHERAT, Pierre",
        "country": "🇫🇷"
      }
    ]
  },
  {
    "id": 8,
    "name": "Red Bull - BORA - hansgrohe",
    "displayName": "RED BULL - BORA – HANSGROHE",
    "country": "🇩🇪",
    "jerseyPath": "/listeengages-package/listeengages/images/jerseys/redbullbora.png",
    "riders": [
      {
        "number": 61,
        "name": "VAN GILS, Maxim",
        "country": "🇧🇪"
      },
      {
        "number": 62,
        "name": "ADRIA OLIVERAS, Roger",
        "country": "🇪🇸"
      },
      {
        "number": 63,
        "name": "KOCH, Jonas",
        "country": "🇩🇪"
      },
      {
        "number": 64,
        "name": "LIPOWITZ, Florian",
        "country": "🇩🇪"
      },
      {
        "number": 65,
        "name": "PALZER, Anton",
        "country": "🇩🇪"
      },
      {
        "number": 66,
        "name": "PITHIE, Laurence",
        "country": "🇳🇿"
      },
      {
        "number": 67,
        "name": "TRATNIK, Jan",
        "country": "🇸🇮"
      }
    ]
  },
  {
    "id": 9,
    "name": "Alpecin-Deceuninck",
    "displayName": "ALPECIN-DECEUNINCK",
    "country": "🇧🇪",
    "jerseyPath": "/listeengages-package/listeengages/images/jerseys/alpecin.png",
    "riders": [
      {
        "number": 71,
        "name": "HERMANS, Quinten",
        "country": "🇧🇪"
      },
      {
        "number": 72,
        "name": "BOVEN, Lars",
        "country": "🇳🇱"
      },
      {
        "number": 73,
        "name": "GHYS, Robbe",
        "country": "🇧🇪"
      },
      {
        "number": 74,
        "name": "VERMEERSCH, Gianni",
        "country": "🇧🇪"
      },
      {
        "number": 75,
        "name": "MEURISSE, Xandro",
        "country": "🇧🇪"
      },
      {
        "number": 76,
        "name": "VAN TRICHT, Stan",
        "country": "🇧🇪"
      },
      {
        "number": 77,
        "name": "VAN DEN BOSSCHE, Fabio",
        "country": "🇧🇪"
      }
    ]
  },
  {
    "id": 10,
    "name": "Groupama-FDJ",
    "displayName": "GROUPAMA-FDJ",
    "country": "🇫🇷",
    "jerseyPath": "/listeengages-package/listeengages/images/jerseys/groupama.png",
    "riders": [
      {
        "number": 81,
        "name": "MADOUAS, Valentin",
        "country": "🇫🇷"
      },
      {
        "number": 82,
        "name": "ASKEY, Lewis",
        "country": "🇬🇧"
      },
      {
        "number": 83,
        "name": "DAVY, Clement",
        "country": "🇫🇷"
      },
      {
        "number": 84,
        "name": "GENIETS, Kevin",
        "country": "🇱🇺"
      },
      {
        "number": 85,
        "name": "JACOBS, Johan",
        "country": "🇨🇭"
      },
      {
        "number": 86,
        "name": "PACHER, Quentin",
        "country": "🇫🇷"
      },
      {
        "number": 87,
        "name": "ROCHAS, Remy",
        "country": "🇫🇷"
      }
    ]
  },
  {
    "id": 11,
    "name": "EF Education - EasyPost",
    "displayName": "EF EDUCATION - EASYPOST",
    "country": "🇺🇸",
    "jerseyPath": "/listeengages-package/listeengages/images/jerseys/ef.png",
    "riders": [
      {
        "number": 101,
        "name": "Tejay VAN GARDEREN",
        "country": "🇺🇸"
      },
      {
        "number": 102,
        "name": "Ben HEALY",
        "country": "🇮🇪"
      },
      {
        "number": 103,
        "name": "Mikkel HONORÉ",
        "country": "🇩🇰"
      },
      {
        "number": 104,
        "name": "Lukas NERURKAR",
        "country": "🇬🇧"
      },
      {
        "number": 105,
        "name": "Nelson QUINN",
        "country": "🇺🇸"
      },
      {
        "number": 106,
        "name": "Stefan DE BOD",
        "country": "🇿🇦"
      },
      {
        "number": 107,
        "name": "Michael VALGREN",
        "country": "🇩🇰"
      }
    ]
  },
  {
    "id": 12,
    "name": "Bahrain Victorious",
    "displayName": "BAHRAIN VICTORIOUS",
    "country": "🇧🇭",
    "jerseyPath": "/listeengages-package/listeengages/images/jerseys/bahrain.png",
    "riders": [
      {
        "number": 91,
        "name": "BILBAO LOPEZ DE ARMENTIA, Pello",
        "country": "🇪🇸"
      },
      {
        "number": 92,
        "name": "MARTINEZ, Lenny",
        "country": "🇫🇷"
      },
      {
        "number": 93,
        "name": "MIHOLJEVIC, Fran",
        "country": "🇭🇷"
      },
      {
        "number": 94,
        "name": "MOHORIC, Matej",
        "country": "🇸🇮"
      },
      {
        "number": 95,
        "name": "ARNDT, Nikias",
        "country": "🇩🇪"
      },
      {
        "number": 96,
        "name": "EULALIO, Afonso",
        "country": "🇵🇹"
      },
      {
        "number": 97,
        "name": "ZAMBANINI, Edoardo",
        "country": "🇮🇹"
      }
    ]
  },
  {
    "id": 13,
    "name": "Movistar Team",
    "displayName": "MOVISTAR TEAM",
    "country": "🇪🇸",
    "jerseyPath": "/listeengages-package/listeengages/images/jerseys/movistar.png",
    "riders": [
      {
        "number": 121,
        "name": "RUBIO, Einer Augusto",
        "country": "🇨🇴"
      },
      {
        "number": 122,
        "name": "BARRENETXEA, Jon",
        "country": "🇪🇸"
      },
      {
        "number": 123,
        "name": "BARTA, William",
        "country": "🇺🇸"
      },
      {
        "number": 124,
        "name": "FORMOLO, Davide",
        "country": "🇮🇹"
      },
      {
        "number": 125,
        "name": "GUERREIRO, Ruben Antonio",
        "country": "🇵🇹"
      },
      {
        "number": 126,
        "name": "MUHLBERGER, Gregor",
        "country": "🇦🇹"
      },
      {
        "number": 127,
        "name": "TESFAZIÓN OCBIT, Natnael",
        "country": "🇪🇷"
      }
    ]
  },
  {
    "id": 14,
    "name": "Team Jayco AlUla",
    "displayName": "TEAM JAYCO ALULA",
    "country": "🇦🇺",
    "jerseyPath": "/listeengages-package/listeengages/images/jerseys/jayco.png",
    "riders": [
      {
        "number": 1,
        "name": "Michael MATTHEWS",
        "country": "🇦🇺"
      },
      {
        "number": 2,
        "name": "Luke DURBRIDGE",
        "country": "🇦🇺"
      },
      {
        "number": 3,
        "name": "Asbjørn HELLEMOSE",
        "country": "🇩🇰"
      },
      {
        "number": 4,
        "name": "Michael HEPBURN",
        "country": "🇦🇺"
      },
      {
        "number": 5,
        "name": "Mauro SCHMID",
        "country": "🇨🇭"
      },
      {
        "number": 6,
        "name": "DONALDSON, Robert Edward",
        "country": "🇬🇧"
      },
      {
        "number": 7,
        "name": "Filippo ZANA",
        "country": "🇮🇹"
      }
    ]
  },
  {
    "id": 15,
    "name": "Arkéa-B&B Hotels",
    "displayName": "ARKEA-B&B HOTELS",
    "country": "🇫🇷",
    "jerseyPath": "/listeengages-package/listeengages/images/jerseys/arkea.png",
    "riders": [
      {
        "number": 171,
        "name": "COSTIOU, Ewen",
        "country": "🇫🇷"
      },
      {
        "number": 172,
        "name": "DELAPLACE, Anthony",
        "country": "🇫🇷"
      },
      {
        "number": 173,
        "name": "HUYS, Laurens",
        "country": "🇧🇪"
      },
      {
        "number": 174,
        "name": "LE BERRE, Mathis",
        "country": "🇫🇷"
      },
      {
        "number": 175,
        "name": "SVESTAD-BARDSENG, Embret",
        "country": "🇳🇴"
      },
      {
        "number": 176,
        "name": "GRONDIN, Donavan",
        "country": "🇫🇷"
      },
      {
        "number": 177,
        "name": "RIES, Michel",
        "country": "🇱🇺"
      }
    ]
  },
  {
    "id": 16,
    "name": "Team DSM-Firmenich PostNL",
    "displayName": "TEAM PICNIC POSTNL",
    "country": "🇳🇱",
    "jerseyPath": "/listeengages-package/listeengages/images/jerseys/picnic.png",
    "riders": [
      {
        "number": 141,
        "name": "ONLEY, Oscar",
        "country": "🇬🇧"
      },
      {
        "number": 142,
        "name": "ANDRESEN, Tobias Lund",
        "country": "🇩🇰"
      },
      {
        "number": 143,
        "name": "BARGUIL, Warren",
        "country": "🇫🇷"
      },
      {
        "number": 144,
        "name": "VAN DEN BROEK, Frank",
        "country": "🇳🇱"
      },
      {
        "number": 145,
        "name": "COMBAUD, Romain",
        "country": "🇫🇷"
      },
      {
        "number": 146,
        "name": "DHONDT, Robbe",
        "country": "🇧🇪"
      },
      {
        "number": 147,
        "name": "NABERMAN, Tim",
        "country": "🇳🇱"
      }
    ]
  },
  {
    "id": 17,
    "name": "Intermarché - Wanty",
    "displayName": "INTERMARCHÉ - WANTY",
    "country": "🇧🇪",
    "jerseyPath": "/listeengages-package/listeengages/images/jerseys/intermarchewanty.png",
    "riders": [
      {
        "number": 151,
        "name": "GIRMAY, Biniam",
        "country": "🇪🇷"
      },
      {
        "number": 152,
        "name": "BARRÉ, Louis",
        "country": "🇫🇷"
      },
      {
        "number": 153,
        "name": "BRAET, Vito",
        "country": "🇧🇪"
      },
      {
        "number": 154,
        "name": "KAMP, Alexander",
        "country": "🇩🇰"
      },
      {
        "number": 155,
        "name": "PAQUOT, Tom",
        "country": "🇧🇪"
      },
      {
        "number": 156,
        "name": "RUTSCH, Jonas",
        "country": "🇩🇪"
      },
      {
        "number": 157,
        "name": "VAN SINTMAARTENSDIJK, Roel",
        "country": "🇳🇱"
      }
    ]
  },
  {
    "id": 18,
    "name": "Cofidis",
    "displayName": "COFIDIS",
    "country": "🇫🇷",
    "jerseyPath": "/listeengages-package/listeengages/images/jerseys/cofidis.png",
    "riders": [
      {
        "number": 161,
        "name": "ARANBURU, Alex",
        "country": "🇪🇸"
      },
      {
        "number": 162,
        "name": "DEBEAUMARCHE, Nicolas",
        "country": "🇫🇷"
      },
      {
        "number": 163,
        "name": "IZAGUIRRE, Ion",
        "country": "🇪🇸"
      },
      {
        "number": 164,
        "name": "MAISONOBE, Sam",
        "country": "🇫🇷"
      },
      {
        "number": 165,
        "name": "PEREZ, Anthony",
        "country": "🇫🇷"
      },
      {
        "number": 166,
        "name": "ROBEET, Ludovic",
        "country": "🇧🇪"
      },
      {
        "number": 167,
        "name": "TOUZE, Damien",
        "country": "🇫🇷"
      }
    ]
  },
  {
    "id": 19,
    "name": "Astana Qazaqstan Team",
    "displayName": "XDS ASTANA TEAM",
    "country": "🇰🇿",
    "jerseyPath": "/listeengages-package/listeengages/images/jerseys/astana.png",
    "riders": [
      {
        "number": 131,
        "name": "BETTIOL, Alberto",
        "country": "🇮🇹"
      },
      {
        "number": 132,
        "name": "CHARMIG, Anthon",
        "country": "🇩🇰"
      },
      {
        "number": 133,
        "name": "GATE, Aaron Murray",
        "country": "🇳🇿"
      },
      {
        "number": 134,
        "name": "MULUEBERHAN SOLOMON, Henok",
        "country": "🇪🇷"
      },
      {
        "number": 135,
        "name": "KANTER, Max",
        "country": "🇩🇪"
      },
      {
        "number": 136,
        "name": "VELASCO, Simone",
        "country": "🇮🇹"
      },
      {
        "number": 137,
        "name": "SCHELLING, Ide",
        "country": "🇳🇱"
      }
    ]
  },
  {
    "id": 20,
    "name": "IPT",
    "displayName": "IPT",
    "country": "🇮🇱",
    "jerseyPath": "/listeengages-package/listeengages/images/jerseys/ipt.png",
    "riders": [
      {
        "number": 191,
        "name": "STRONG, Corbin",
        "country": "🇳🇿"
      },
      {
        "number": 192,
        "name": "BLACKMORE, Joseph Peter",
        "country": "🇬🇧"
      },
      {
        "number": 193,
        "name": "BOIVIN, Guillaume",
        "country": "🇨🇦"
      },
      {
        "number": 194,
        "name": "CLARKE, Simon",
        "country": "🇦🇺"
      },
      {
        "number": 195,
        "name": "HOULE, Hugo",
        "country": "🇨🇦"
      },
      {
        "number": 196,
        "name": "NEILANDS, Krists",
        "country": "🇱🇻"
      },
      {
        "number": 197,
        "name": "SHEEHAN, Riley",
        "country": "🇺🇸"
      }
    ]
  },
  {
    "id": 21,
    "name": "Uno-X Mobility",
    "displayName": "UNO-X MOBILITY",
    "country": "🇳🇴",
    "jerseyPath": "/listeengages-package/listeengages/images/jerseys/uno.png",
    "riders": [
      {
        "number": 201,
        "name": "JOHANNESSEN, Tobias Halland",
        "country": "🇳🇴"
      },
      {
        "number": 202,
        "name": "JOHANNESSEN, Anders Halland",
        "country": "🇳🇴"
      },
      {
        "number": 203,
        "name": "ABRAHAMSEN, Jonas",
        "country": "🇳🇴"
      },
      {
        "number": 204,
        "name": "DVERSNES, Fredrik",
        "country": "🇳🇴"
      },
      {
        "number": 205,
        "name": "LEVY, William Blume",
        "country": "🇩🇰"
      },
      {
        "number": 206,
        "name": "LØLAND, Sakarias",
        "country": "🇳🇴"
      },
      {
        "number": 207,
        "name": "SKAARSETH, Anders",
        "country": "🇳🇴"
      }
    ]
  },
  {
    "id": 22,
    "name": "Tudor Pro Cycling Team",
    "displayName": "TUDOR PRO CYCLING TEAM",
    "country": "🇨🇭",
    "jerseyPath": "/listeengages-package/listeengages/images/jerseys/tudor.png",
    "riders": [
      {
        "number": 211,
        "name": "ALAPHILIPPE, Julian",
        "country": "🇫🇷"
      },
      {
        "number": 212,
        "name": "ERIKSSON, Jacob",
        "country": "🇸🇪"
      },
      {
        "number": 213,
        "name": "ERIKSSON, Lucas",
        "country": "🇸🇪"
      },
      {
        "number": 214,
        "name": "MAYRHOFER, Marius",
        "country": "🇩🇪"
      },
      {
        "number": 215,
        "name": "WARBASSE, Lawrence",
        "country": "🇺🇸"
      },
      {
        "number": 216,
        "name": "WEISS, Fabian",
        "country": "🇨🇭"
      },
      {
        "number": 217,
        "name": "WILKSCH, Hannes",
        "country": "🇩🇪"
      }
    ]
  },
  {
    "id": 23,
    "name": "Équipe Canada",
    "displayName": "ÉQUIPE NATIONALE CANADA",
    "country": "🇨🇦",
    "jerseyPath": "/listeengages-package/listeengages/images/jerseys/canada.png",
    "riders": [
      {
        "number": 221,
        "name": "JACOB, Philippe",
        "country": "🇨🇦"
      },
      {
        "number": 222,
        "name": "GAUTHIER, Jérôme",
        "country": "🇨🇦"
      },
      {
        "number": 223,
        "name": "MATTERN, Carson",
        "country": "🇨🇦"
      },
      {
        "number": 224,
        "name": "COUTURE, Samuel",
        "country": "🇨🇦"
      },
      {
        "number": 225,
        "name": "COWAN, Quentin",
        "country": "🇨🇦"
      },
      {
        "number": 226,
        "name": "BOUCHARD, Félix",
        "country": "🇨🇦"
      },
      {
        "number": 227,
        "name": "HAMEL, Félix",
        "country": "🇨🇦"
      }
    ]
  }
]